law_id,description,chapter_number,detail_url
490,Absconding Debtors,8:08,https://laws.gov.tt/ttdll-web/revision/list?offset=0&currentid=490
474,Accessories and Abettors,10:02,https://laws.gov.tt/ttdll-web/revision/list?offset=0&currentid=474
960,Accreditation Council of Trinidad and Tobago,39:06,https://laws.gov.tt/ttdll-web/revision/list?offset=0&currentid=960
486,Administration of Estates,9:01,https://laws.gov.tt/ttdll-web/revision/list?offset=0&currentid=486
416,Administration of Justice (Deoxyribonucleic Acid),5:34,https://laws.gov.tt/ttdll-web/revision/list?offset=0&currentid=416
822,Adoption of Children,46:03 (The 1946 Act has been repealed and replaced by Act 67 of 2000 - see alert),https://laws.gov.tt/ttdll-web/revision/list?offset=0&currentid=822
938,Advertisements Regulation,35:53,https://laws.gov.tt/ttdll-web/revision/list?offset=0&currentid=938
816,Age of Majority,46:06,https://laws.gov.tt/ttdll-web/revision/list?offset=0&currentid=816
688,Agricultural Contracts,63:50,https://laws.gov.tt/ttdll-web/revision/list?offset=0&currentid=688
612,Agricultural Development Bank,79:07,https://laws.gov.tt/ttdll-web/revision/list?offset=0&currentid=612
680,Agricultural Fires,63:02,https://laws.gov.tt/ttdll-web/revision/list?offset=0&currentid=680
908,Agricultural Small Holdings Tenure,59:53,https://laws.gov.tt/ttdll-web/revision/list?offset=0&currentid=908
682,Agricultural Society,63:01,https://laws.gov.tt/ttdll-web/revision/list?offset=0&currentid=682
854,Airports Authority of Trinidad and Tobago,49:02,https://laws.gov.tt/ttdll-web/revision/list?offset=0&currentid=854
210,Anatomy,28:06,https://laws.gov.tt/ttdll-web/revision/list?offset=0&currentid=210
726,Animals (Diseases and Importation),67:02,https://laws.gov.tt/ttdll-web/revision/list?offset=0&currentid=726
184,Antibiotics,30:02,https://laws.gov.tt/ttdll-web/revision/list?offset=0&currentid=184
91383,Anti-Doping in Sport,40:56,https://laws.gov.tt/ttdll-web/revision/list?offset=0&currentid=91383
596,Anti-Dumping and Countervailing Duties,78:05,https://laws.gov.tt/ttdll-web/revision/list?offset=0&currentid=596
358,Anti-Personnel Mines,16:03,https://laws.gov.tt/ttdll-web/revision/list?offset=0&currentid=358
302,Anti-Terrorism,12:07,https://laws.gov.tt/ttdll-web/revision/list?offset=0&currentid=302
494,Apportionment,8:06,https://laws.gov.tt/ttdll-web/revision/list?offset=0&currentid=494
418,Arbitration,5:01,https://laws.gov.tt/ttdll-web/revision/list?offset=0&currentid=418
424,Arbitration (Foreign Arbitral Awards),5:30,https://laws.gov.tt/ttdll-web/revision/list?offset=0&currentid=424
890,Archipelagic Waters and Exclusive Economic Zone,51:06,https://laws.gov.tt/ttdll-web/revision/list?offset=0&currentid=890
1056,Architecture Profession,90:02,https://laws.gov.tt/ttdll-web/revision/list?offset=0&currentid=1056
1096,Asphalt Industry Regulation,87:50,https://laws.gov.tt/ttdll-web/revision/list?offset=0&currentid=1096
982,Assisted Secondary School Teachers' Pensions,39:03,https://laws.gov.tt/ttdll-web/revision/list?offset=0&currentid=982
624,Association of Caribbean States (Headquarters),81:09,https://laws.gov.tt/ttdll-web/revision/list?offset=0&currentid=624
1024,Attachment of Earnings (Maintenance),45:52,https://laws.gov.tt/ttdll-web/revision/list?offset=0&currentid=1024
1128,Auctioneers,84:03,https://laws.gov.tt/ttdll-web/revision/list?offset=0&currentid=1128
932,Auxiliary Fire Service,35:54,https://laws.gov.tt/ttdll-web/revision/list?offset=0&currentid=932
430,Bail,4:60,https://laws.gov.tt/ttdll-web/revision/list?offset=0&currentid=430
432,Bailiffs,4:61,https://laws.gov.tt/ttdll-web/revision/list?offset=0&currentid=432
484,Bankruptcy and Insolvency,9:70,https://laws.gov.tt/ttdll-web/revision/list?offset=0&currentid=484
924,Basel Convention (Regional Centre for Training and Technology Transfer),35:49,https://laws.gov.tt/ttdll-web/revision/list?offset=0&currentid=924
740,Beekeeping and Bee Products,67:53,https://laws.gov.tt/ttdll-web/revision/list?offset=0&currentid=740
170,Betting Levy Board,21:53,https://laws.gov.tt/ttdll-web/revision/list?offset=0&currentid=170
662,Bills of Exchange,82:31,https://laws.gov.tt/ttdll-web/revision/list?offset=0&currentid=662
846,Bills of Lading,50:03,https://laws.gov.tt/ttdll-web/revision/list?offset=0&currentid=846
664,Bills of Sale,82:32,https://laws.gov.tt/ttdll-web/revision/list?offset=0&currentid=664
1042,Births and Deaths Registration,44:01,https://laws.gov.tt/ttdll-web/revision/list?offset=0&currentid=1042
1002,Botanic Gardens,41:03,https://laws.gov.tt/ttdll-web/revision/list?offset=0&currentid=1002
172,Boxing Control,21:52,https://laws.gov.tt/ttdll-web/revision/list?offset=0&currentid=172
994,Boy Scouts Association,40:70,https://laws.gov.tt/ttdll-web/revision/list?offset=0&currentid=994
1094,Brewery,87:52,https://laws.gov.tt/ttdll-web/revision/list?offset=0&currentid=1094
482,Bruce Stephens Trust,9:32,https://laws.gov.tt/ttdll-web/revision/list?offset=0&currentid=482
940,Building Societies,33:04,https://laws.gov.tt/ttdll-web/revision/list?offset=0&currentid=940
206,Burial Grounds,30:50,https://laws.gov.tt/ttdll-web/revision/list?offset=0&currentid=206
850,BWIA International Airways Limited (Vesting),49:04,https://laws.gov.tt/ttdll-web/revision/list?offset=0&currentid=850
1006,CAB International (Regional Centre),39:55,https://laws.gov.tt/ttdll-web/revision/list?offset=0&currentid=1006
264,Cadet Force,14:02,https://laws.gov.tt/ttdll-web/revision/list?offset=0&currentid=264
712,Cane-Farmers Rehabilitation Board,64:06,https://laws.gov.tt/ttdll-web/revision/list?offset=0&currentid=712
884,Carenage Pier,51:03,https://laws.gov.tt/ttdll-web/revision/list?offset=0&currentid=884
676,Caribbean Agricultural Research and Development Institute,63:04,https://laws.gov.tt/ttdll-web/revision/list?offset=0&currentid=676
966,Caribbean Aviation Training Institute,39:52,https://laws.gov.tt/ttdll-web/revision/list?offset=0&currentid=966
646,Caribbean Community,81:11,https://laws.gov.tt/ttdll-web/revision/list?offset=0&currentid=646
644,Caribbean Community (Caricom) Costa Rica Free Trade,81:10,https://laws.gov.tt/ttdll-web/revision/list?offset=0&currentid=644
648,Caribbean Community (Caricom) Cuba Trade and Economic Co-operation,81:12,https://laws.gov.tt/ttdll-web/revision/list?offset=0&currentid=648
622,Caribbean Community (Caricom) Dominican Republic Free Trade,81:06,https://laws.gov.tt/ttdll-web/revision/list?offset=0&currentid=622
642,Caribbean Community (Caricom) Regional Organisation for Standards and Quality,82:05,https://laws.gov.tt/ttdll-web/revision/list?offset=0&currentid=642
760,Caribbean Community Development Loans and Guarantee,70:04,https://laws.gov.tt/ttdll-web/revision/list?offset=0&currentid=760
498,Caribbean Court of Justice,4:02,https://laws.gov.tt/ttdll-web/revision/list?offset=0&currentid=498
396,Caribbean Court of Justice (Headquarters),6:05,https://laws.gov.tt/ttdll-web/revision/list?offset=0&currentid=396
770,Caribbean Court of Justice Trust Fund,70:08,https://laws.gov.tt/ttdll-web/revision/list?offset=0&currentid=770
590,Caribbean Development Bank,79:05,https://laws.gov.tt/ttdll-web/revision/list?offset=0&currentid=590
958,Caribbean Examinations Council,39:07,https://laws.gov.tt/ttdll-web/revision/list?offset=0&currentid=958
312,Caribbean Examinations Council (Privileges and Immunities),17:07,https://laws.gov.tt/ttdll-web/revision/list?offset=0&currentid=312
964,Caribbean Fisheries Training and Development Institute,39:53,https://laws.gov.tt/ttdll-web/revision/list?offset=0&currentid=964
678,Caribbean Food Corporation,63:03,https://laws.gov.tt/ttdll-web/revision/list?offset=0&currentid=678
1102,Caribbean Industrial Research Institute,85:52,https://laws.gov.tt/ttdll-web/revision/list?offset=0&currentid=1102
762,Caribbean Investment Corporation,70:03,https://laws.gov.tt/ttdll-web/revision/list?offset=0&currentid=762
764,Caribbean Investment Fund,70:05,https://laws.gov.tt/ttdll-web/revision/list?offset=0&currentid=764
872,Caribbean Meteorological Organisation,55:01,https://laws.gov.tt/ttdll-web/revision/list?offset=0&currentid=872
634,Caricom Enterprises,81:04,https://laws.gov.tt/ttdll-web/revision/list?offset=0&currentid=634
708,Caroni (1975) Limited and Orange Grove National Company (Divestment),64:08,https://laws.gov.tt/ttdll-web/revision/list?offset=0&currentid=708
714,Caroni (1975) Limited Vesting,64:07,https://laws.gov.tt/ttdll-web/revision/list?offset=0&currentid=714
848,Carriage of Goods by Sea,50:02,https://laws.gov.tt/ttdll-web/revision/list?offset=0&currentid=848
564,Casual Revenue,74:04,https://laws.gov.tt/ttdll-web/revision/list?offset=0&currentid=564
592,Central Bank,79:02,https://laws.gov.tt/ttdll-web/revision/list?offset=0&currentid=592
542,Central Tenders Board,71:91,https://laws.gov.tt/ttdll-web/revision/list?offset=0&currentid=542
950,Chaguaramas Agreement Special Fund,35:03,https://laws.gov.tt/ttdll-web/revision/list?offset=0&currentid=950
948,Chaguaramas Development Authority,35:02,https://laws.gov.tt/ttdll-web/revision/list?offset=0&currentid=948
826,Children,46:01 (The 1925 Ordinance has been repealed and replaced by Act No 12 of 2012),https://laws.gov.tt/ttdll-web/revision/list?offset=0&currentid=826
436,Children and Young Persons (Harmful Publications),11:18,https://laws.gov.tt/ttdll-web/revision/list?offset=0&currentid=436
808,Children's Authority,46:10,https://laws.gov.tt/ttdll-web/revision/list?offset=0&currentid=808
90718,"Children’s Community Residences, Foster Care and Nurseries",46:04,https://laws.gov.tt/ttdll-web/revision/list?offset=0&currentid=90718
232,Children's Life Fund,29:01,https://laws.gov.tt/ttdll-web/revision/list?offset=0&currentid=232
156,Cinematograph,20:10,https://laws.gov.tt/ttdll-web/revision/list?offset=0&currentid=156
968,Cipriani College of Labour and Co-operative Studies,39:51,https://laws.gov.tt/ttdll-web/revision/list?offset=0&currentid=968
538,Citizenship of the Republic of Trinidad and Tobago,1:50,https://laws.gov.tt/ttdll-web/revision/list?offset=0&currentid=538
134,City of San Fernando,25:06,https://laws.gov.tt/ttdll-web/revision/list?offset=0&currentid=134
852,Civil Aviation,49:03,https://laws.gov.tt/ttdll-web/revision/list?offset=0&currentid=852
274,Civil Aviation (Tokyo Convention),11:21,https://laws.gov.tt/ttdll-web/revision/list?offset=0&currentid=274
168,Civil Service,23:01,https://laws.gov.tt/ttdll-web/revision/list?offset=0&currentid=168
722,Claying of Cocoa,64:22,https://laws.gov.tt/ttdll-web/revision/list?offset=0&currentid=722
720,Cocoa (Import and Export),64:21,https://laws.gov.tt/ttdll-web/revision/list?offset=0&currentid=720
1034,Cohabitational Relationships,45:55,https://laws.gov.tt/ttdll-web/revision/list?offset=0&currentid=1034
442,Coinage Offences,11:15,https://laws.gov.tt/ttdll-web/revision/list?offset=0&currentid=442
1008,"College of Science, Technology and Applied Arts of Trinidad and Tobago",39:56,https://laws.gov.tt/ttdll-web/revision/list?offset=0&currentid=1008
400,Commissioners of Affidavits,6:52,https://laws.gov.tt/ttdll-web/revision/list?offset=0&currentid=400
314,Commissions of Enquiry,19:01,https://laws.gov.tt/ttdll-web/revision/list?offset=0&currentid=314
362,Commonwealth Development Corporation (Privileges and Immunities),17:05,https://laws.gov.tt/ttdll-web/revision/list?offset=0&currentid=362
368,Commonwealth Secretariat (Privileges and Immunities),17:02,https://laws.gov.tt/ttdll-web/revision/list?offset=0&currentid=368
254,Community Service Orders,13:06,https://laws.gov.tt/ttdll-web/revision/list?offset=0&currentid=254
608,Companies,81:01,https://laws.gov.tt/ttdll-web/revision/list?offset=0&currentid=608
374,Compensation for Injuries,8:05,https://laws.gov.tt/ttdll-web/revision/list?offset=0&currentid=374
438,Computer Misuse,11:17,https://laws.gov.tt/ttdll-web/revision/list?offset=0&currentid=438
724,Conservation of Wild Life,67:01,https://laws.gov.tt/ttdll-web/revision/list?offset=0&currentid=724
530,Constitution of the Republic of Trinidad and Tobago,1:01,https://laws.gov.tt/ttdll-web/revision/list?offset=0&currentid=530
536,Constitution (Prescribed Matters),1:02,https://laws.gov.tt/ttdll-web/revision/list?offset=0&currentid=536
652,Consumer Protection and Safety,82:34,https://laws.gov.tt/ttdll-web/revision/list?offset=0&currentid=652
534,Continental Shelf,1:52,https://laws.gov.tt/ttdll-web/revision/list?offset=0&currentid=534
742,Control of Importation of Live Fish,67:52,https://laws.gov.tt/ttdll-web/revision/list?offset=0&currentid=742
874,Conveyancing and Law of Property,56:01,https://laws.gov.tt/ttdll-web/revision/list?offset=0&currentid=874
628,Co-operative Societies,81:03,https://laws.gov.tt/ttdll-web/revision/list?offset=0&currentid=628
716,Copra Products Control,64:30,https://laws.gov.tt/ttdll-web/revision/list?offset=0&currentid=716
1142,Copyright,82:80,https://laws.gov.tt/ttdll-web/revision/list?offset=0&currentid=1142
408,Coroners,6:04,https://laws.gov.tt/ttdll-web/revision/list?offset=0&currentid=408
250,Corporal Punishment (Offenders Over Eighteen),13:04,https://laws.gov.tt/ttdll-web/revision/list?offset=0&currentid=250
560,Corporation Tax,75:02,https://laws.gov.tt/ttdll-web/revision/list?offset=0&currentid=560
970,Council of Legal Education,39:50,https://laws.gov.tt/ttdll-web/revision/list?offset=0&currentid=970
330,Counting Unremunerated Work,19:09,https://laws.gov.tt/ttdll-web/revision/list?offset=0&currentid=330
750,Country Markets,68:02,https://laws.gov.tt/ttdll-web/revision/list?offset=0&currentid=750
378,Court Deposits,7:05,https://laws.gov.tt/ttdll-web/revision/list?offset=0&currentid=378
208,Cremation,30:51,https://laws.gov.tt/ttdll-web/revision/list?offset=0&currentid=208
410,Criminal Injuries Compensation,5:31,https://laws.gov.tt/ttdll-web/revision/list?offset=0&currentid=410
470,Criminal Law,10:04,https://laws.gov.tt/ttdll-web/revision/list?offset=0&currentid=470
472,Criminal Offences,11:01,https://laws.gov.tt/ttdll-web/revision/list?offset=0&currentid=472
296,Criminal Procedure,12:02,https://laws.gov.tt/ttdll-web/revision/list?offset=0&currentid=296
294,Criminal Procedure (Corporations),12:03,https://laws.gov.tt/ttdll-web/revision/list?offset=0&currentid=294
256,Criminal Procedure (Plea Discussion and Plea Agreement),13:07,https://laws.gov.tt/ttdll-web/revision/list?offset=0&currentid=256
600,Customs,78:01,https://laws.gov.tt/ttdll-web/revision/list?offset=0&currentid=600
602,Customs Brokers and Customs Clerks,78:03,https://laws.gov.tt/ttdll-web/revision/list?offset=0&currentid=602
282,Dangerous Drugs,11:25,https://laws.gov.tt/ttdll-web/revision/list?offset=0&currentid=282
80855,Data Protection,22:04,https://laws.gov.tt/ttdll-web/revision/list?offset=0&currentid=80855
496,Debtors,8:07,https://laws.gov.tt/ttdll-web/revision/list?offset=0&currentid=496
1028,Deceased Wife's Sister's Marriage,45:54,https://laws.gov.tt/ttdll-web/revision/list?offset=0&currentid=1028
478,Deeds of Arrangement,9:71,https://laws.gov.tt/ttdll-web/revision/list?offset=0&currentid=478
262,Defence,14:01,https://laws.gov.tt/ttdll-web/revision/list?offset=0&currentid=262
934,Demolition of Unsafe Structures,35:55,https://laws.gov.tt/ttdll-web/revision/list?offset=0&currentid=934
188,Dental Profession,29:54,https://laws.gov.tt/ttdll-web/revision/list?offset=0&currentid=188
780,Development Loans,71:04,https://laws.gov.tt/ttdll-web/revision/list?offset=0&currentid=780
366,Diplomatic Agents and Consular Officers (Oaths and Notarial Acts),17:03,https://laws.gov.tt/ttdll-web/revision/list?offset=0&currentid=366
356,Disasters Measures,16:50,https://laws.gov.tt/ttdll-web/revision/list?offset=0&currentid=356
888,Disposal of Uncleared Goods,51:05,https://laws.gov.tt/ttdll-web/revision/list?offset=0&currentid=888
224,Division of Trinidad,26:01,https://laws.gov.tt/ttdll-web/revision/list?offset=0&currentid=224
60311,Dog Control,67:56,https://laws.gov.tt/ttdll-web/revision/list?offset=0&currentid=60311
746,Dogs,67:54,https://laws.gov.tt/ttdll-web/revision/list?offset=0&currentid=746
1032,Domestic Violence,45:56,https://laws.gov.tt/ttdll-web/revision/list?offset=0&currentid=1032
838,Droghers,50:07,https://laws.gov.tt/ttdll-web/revision/list?offset=0&currentid=838
220,Dry River,26:50,https://laws.gov.tt/ttdll-web/revision/list?offset=0&currentid=220
632,Economic Sanctions,81:05,https://laws.gov.tt/ttdll-web/revision/list?offset=0&currentid=632
986,Education,39:01,https://laws.gov.tt/ttdll-web/revision/list?offset=0&currentid=986
136,Elections and Boundaries Commission (Local Government and Tobago House of Assembly),25:50,https://laws.gov.tt/ttdll-web/revision/list?offset=0&currentid=136
882,Electric Installations (Buildings),54:71,https://laws.gov.tt/ttdll-web/revision/list?offset=0&currentid=882
868,Electricity (Inspection),54:72,https://laws.gov.tt/ttdll-web/revision/list?offset=0&currentid=868
162,Electronic Transactions,22:05,https://laws.gov.tt/ttdll-web/revision/list?offset=0&currentid=162
604,Electronic Transfer of Funds Crime,79:51,https://laws.gov.tt/ttdll-web/revision/list?offset=0&currentid=604
80721,Emergency Ambulance Services and Emergency Medical Personnel,29:02,https://laws.gov.tt/ttdll-web/revision/list?offset=0&currentid=80721
308,Emigration (Children),18:02,https://laws.gov.tt/ttdll-web/revision/list?offset=0&currentid=308
1068,Employment Exchange,88:09,https://laws.gov.tt/ttdll-web/revision/list?offset=0&currentid=1068
1060,Engineering Profession,90:01,https://laws.gov.tt/ttdll-web/revision/list?offset=0&currentid=1060
930,Environmental Management,35:05,https://laws.gov.tt/ttdll-web/revision/list?offset=0&currentid=930
164,Equal Opportunity,22:03,https://laws.gov.tt/ttdll-web/revision/list?offset=0&currentid=164
392,Evidence,7:02,https://laws.gov.tt/ttdll-web/revision/list?offset=0&currentid=392
606,Exchange Control,79:50,https://laws.gov.tt/ttdll-web/revision/list?offset=0&currentid=606
748,Exchequer and Audit,69:01,https://laws.gov.tt/ttdll-web/revision/list?offset=0&currentid=748
598,Excise (General Provisions),78:50,https://laws.gov.tt/ttdll-web/revision/list?offset=0&currentid=598
754,Expenditure in Advance of Appropriation,69:02,https://laws.gov.tt/ttdll-web/revision/list?offset=0&currentid=754
360,Explosives,16:02,https://laws.gov.tt/ttdll-web/revision/list?offset=0&currentid=360
698,Exportation of Fruit,63:53,https://laws.gov.tt/ttdll-web/revision/list?offset=0&currentid=698
782,External Loans,71:05,https://laws.gov.tt/ttdll-web/revision/list?offset=0&currentid=782
300,Extradition (Commonwealth and Foreign Territories),12:04,https://laws.gov.tt/ttdll-web/revision/list?offset=0&currentid=300
650,Fair Trading,81:13,https://laws.gov.tt/ttdll-web/revision/list?offset=0&currentid=650
812,"Family Law (Guardianship of Minors, Domicile and Maintenance)",46:08,https://laws.gov.tt/ttdll-web/revision/list?offset=0&currentid=812
814,Family Proceedings,46:09,https://laws.gov.tt/ttdll-web/revision/list?offset=0&currentid=814
686,Farmers Advances,63:51,https://laws.gov.tt/ttdll-web/revision/list?offset=0&currentid=686
694,Fertilisers and Feeding Stuffs,63:55,https://laws.gov.tt/ttdll-web/revision/list?offset=0&currentid=694
616,Financial Institutions,79:09,https://laws.gov.tt/ttdll-web/revision/list?offset=0&currentid=616
540,Financial Intelligence Unit of Trinidad and Tobago,72:01,https://laws.gov.tt/ttdll-web/revision/list?offset=0&currentid=540
346,Firearms,16:01,https://laws.gov.tt/ttdll-web/revision/list?offset=0&currentid=346
926,Fire Service,35:50,https://laws.gov.tt/ttdll-web/revision/list?offset=0&currentid=926
1110,Fiscal Incentives,85:01,https://laws.gov.tt/ttdll-web/revision/list?offset=0&currentid=1110
736,Fisheries,67:51,https://laws.gov.tt/ttdll-web/revision/list?offset=0&currentid=736
1100,Fishing Industry (Assistance),85:03,https://laws.gov.tt/ttdll-web/revision/list?offset=0&currentid=1100
182,Food and Drugs,30:01,https://laws.gov.tt/ttdll-web/revision/list?offset=0&currentid=182
768,Foreign Investment,70:07,https://laws.gov.tt/ttdll-web/revision/list?offset=0&currentid=768
1064,Foreign Labour Contracts,88:11,https://laws.gov.tt/ttdll-web/revision/list?offset=0&currentid=1064
728,Forests,66:01,https://laws.gov.tt/ttdll-web/revision/list?offset=0&currentid=728
446,Forgery,11:13,https://laws.gov.tt/ttdll-web/revision/list?offset=0&currentid=446
174,Freedom of Information,22:02,https://laws.gov.tt/ttdll-web/revision/list?offset=0&currentid=174
194,Friendly Societies,32:50,https://laws.gov.tt/ttdll-web/revision/list?offset=0&currentid=194
942,Friendly Societies Housing Corporation,33:05,https://laws.gov.tt/ttdll-web/revision/list?offset=0&currentid=942
434,Gambling and Betting,11:19,https://laws.gov.tt/ttdll-web/revision/list?offset=0&currentid=434
774,General Loan and Stock,71:01,https://laws.gov.tt/ttdll-web/revision/list?offset=0&currentid=774
776,General Local Loan,71:02,https://laws.gov.tt/ttdll-web/revision/list?offset=0&currentid=776
552,General Local Loan (Municipal Corporations),71:60,https://laws.gov.tt/ttdll-web/revision/list?offset=0&currentid=552
244,Geneva Conventions,12:09,https://laws.gov.tt/ttdll-web/revision/list?offset=0&currentid=244
276,Genocide,11:20,https://laws.gov.tt/ttdll-web/revision/list?offset=0&currentid=276
1138,Geographical Indications,82:78,https://laws.gov.tt/ttdll-web/revision/list?offset=0&currentid=1138
900,Geological Survey,60:02,https://laws.gov.tt/ttdll-web/revision/list?offset=0&currentid=900
996,Girl Guides Association,40:71,https://laws.gov.tt/ttdll-web/revision/list?offset=0&currentid=996
792,Government Savings Bonds,71:41,https://laws.gov.tt/ttdll-web/revision/list?offset=0&currentid=792
794,Government Securities,71:42,https://laws.gov.tt/ttdll-web/revision/list?offset=0&currentid=794
546,Guarantee of Loans (Companies),71:82,https://laws.gov.tt/ttdll-web/revision/list?offset=0&currentid=546
548,Guarantee of Loans (Statutory Authorities),71:81,https://laws.gov.tt/ttdll-web/revision/list?offset=0&currentid=548
544,Guarantee of Loans (University of the West Indies),71:83,https://laws.gov.tt/ttdll-web/revision/list?offset=0&currentid=544
370,Habeas Corpus,8:01,https://laws.gov.tt/ttdll-web/revision/list?offset=0&currentid=370
840,Harbours,50:06,https://laws.gov.tt/ttdll-web/revision/list?offset=0&currentid=840
584,Health Surcharge,75:05,https://laws.gov.tt/ttdll-web/revision/list?offset=0&currentid=584
772,Heritage and Stabilisation Fund,70:09,https://laws.gov.tt/ttdll-web/revision/list?offset=0&currentid=772
800,Highways,48:01,https://laws.gov.tt/ttdll-web/revision/list?offset=0&currentid=800
280,Hijacking,11:22,https://laws.gov.tt/ttdll-web/revision/list?offset=0&currentid=280
1048,Hindu Marriage,45:03,https://laws.gov.tt/ttdll-web/revision/list?offset=0&currentid=1048
666,Hire Purchase,82:33,https://laws.gov.tt/ttdll-web/revision/list?offset=0&currentid=666
618,Home Mortgage Bank,79:08,https://laws.gov.tt/ttdll-web/revision/list?offset=0&currentid=618
1088,Hotel Proprietors,87:55,https://laws.gov.tt/ttdll-web/revision/list?offset=0&currentid=1088
518,House of Representatives (Powers and Privileges),2:02,https://laws.gov.tt/ttdll-web/revision/list?offset=0&currentid=518
196,Housing,33:01,https://laws.gov.tt/ttdll-web/revision/list?offset=0&currentid=196
240,Human Tissue Transplant,28:07,https://laws.gov.tt/ttdll-web/revision/list?offset=0&currentid=240
306,Immigration,18:01,https://laws.gov.tt/ttdll-web/revision/list?offset=0&currentid=306
320,Immigration (Advance Passenger Information),18:04,https://laws.gov.tt/ttdll-web/revision/list?offset=0&currentid=320
318,Immigration (Caribbean Community Skilled Nationals),18:03,https://laws.gov.tt/ttdll-web/revision/list?offset=0&currentid=318
562,Income Tax,75:01,https://laws.gov.tt/ttdll-web/revision/list?offset=0&currentid=562
1098,Income Tax (In Aid of Industry),85:04,https://laws.gov.tt/ttdll-web/revision/list?offset=0&currentid=1098
778,Independence Development Loans,71:03,https://laws.gov.tt/ttdll-web/revision/list?offset=0&currentid=778
290,Indictable Offences (Preliminary Enquiry),12:01,https://laws.gov.tt/ttdll-web/revision/list?offset=0&currentid=290
1152,Industrial Designs,82:77,https://laws.gov.tt/ttdll-web/revision/list?offset=0&currentid=1152
1084,Industrial Relations,88:01,https://laws.gov.tt/ttdll-web/revision/list?offset=0&currentid=1084
1004,Industrial Training,39:54,https://laws.gov.tt/ttdll-web/revision/list?offset=0&currentid=1004
820,Infants,46:02,https://laws.gov.tt/ttdll-web/revision/list?offset=0&currentid=820
978,Institute of Marine Affairs,37:01,https://laws.gov.tt/ttdll-web/revision/list?offset=0&currentid=978
1124,Insurance,84:01,https://laws.gov.tt/ttdll-web/revision/list?offset=0&currentid=1124
176,Integrity in Public Life,22:01,https://laws.gov.tt/ttdll-web/revision/list?offset=0&currentid=176
348,Interception of Communications,15:08,https://laws.gov.tt/ttdll-web/revision/list?offset=0&currentid=348
242,International Child Abduction,12:08,https://laws.gov.tt/ttdll-web/revision/list?offset=0&currentid=242
508,International Criminal Court,4:26,https://laws.gov.tt/ttdll-web/revision/list?offset=0&currentid=508
758,International Financial Organisations,70:01,https://laws.gov.tt/ttdll-web/revision/list?offset=0&currentid=758
756,International Financial Organisations (Inter-American Development Bank),70:02,https://laws.gov.tt/ttdll-web/revision/list?offset=0&currentid=756
766,International Financial Organisations (Inter-American Investment Corporation),70:06,https://laws.gov.tt/ttdll-web/revision/list?offset=0&currentid=766
278,International War Crimes Tribunals,11:23,https://laws.gov.tt/ttdll-web/revision/list?offset=0&currentid=278
524,Interpretation,3:01,https://laws.gov.tt/ttdll-web/revision/list?offset=0&currentid=524
388,Interpreters,6:54,https://laws.gov.tt/ttdll-web/revision/list?offset=0&currentid=388
422,Investment Disputes Awards (Enforcement),5:03,https://laws.gov.tt/ttdll-web/revision/list?offset=0&currentid=422
404,Judges Salaries and Pensions,6:02,https://laws.gov.tt/ttdll-web/revision/list?offset=0&currentid=404
420,Judgments Extension,5:02,https://laws.gov.tt/ttdll-web/revision/list?offset=0&currentid=420
402,Judicial and Legal Service,6:01,https://laws.gov.tt/ttdll-web/revision/list?offset=0&currentid=402
382,Judicial Review,7:08,https://laws.gov.tt/ttdll-web/revision/list?offset=0&currentid=382
398,Jury,6:53,https://laws.gov.tt/ttdll-web/revision/list?offset=0&currentid=398
414,Justice Protection,5:33,https://laws.gov.tt/ttdll-web/revision/list?offset=0&currentid=414
288,Kidnapping,11:26,https://laws.gov.tt/ttdll-web/revision/list?offset=0&currentid=288
886,La Brea Jetty and Tramway,51:04,https://laws.gov.tt/ttdll-web/revision/list?offset=0&currentid=886
918,Land Acquisition,58:01,https://laws.gov.tt/ttdll-web/revision/list?offset=0&currentid=918
922,Land Surveyors,58:04,https://laws.gov.tt/ttdll-web/revision/list?offset=0&currentid=922
914,Land Tenants (Security of Tenure),59:54,https://laws.gov.tt/ttdll-web/revision/list?offset=0&currentid=914
448,Larceny,11:12,https://laws.gov.tt/ttdll-web/revision/list?offset=0&currentid=448
502,Law Reform,3:04,https://laws.gov.tt/ttdll-web/revision/list?offset=0&currentid=502
138,Law Reform (Pensions),23:59,https://laws.gov.tt/ttdll-web/revision/list?offset=0&currentid=138
504,Law Revision,3:03,https://laws.gov.tt/ttdll-web/revision/list?offset=0&currentid=504
1140,Layout Designs (Topographies) of Integrated Circuits,82:79,https://laws.gov.tt/ttdll-web/revision/list?offset=0&currentid=1140
384,Legal Aid and Advice,7:07,https://laws.gov.tt/ttdll-web/revision/list?offset=0&currentid=384
1054,Legal Profession,90:03,https://laws.gov.tt/ttdll-web/revision/list?offset=0&currentid=1054
440,Libel and Defamation,11:16,https://laws.gov.tt/ttdll-web/revision/list?offset=0&currentid=440
1120,Licensing of Dealers (Precious Metals and Stones),84:06,https://laws.gov.tt/ttdll-web/revision/list?offset=0&currentid=1120
1082,Limeoil (Control of Manufacture),87:56,https://laws.gov.tt/ttdll-web/revision/list?offset=0&currentid=1082
718,Limes Export Levy,64:40,https://laws.gov.tt/ttdll-web/revision/list?offset=0&currentid=718
372,Limitation of Certain Actions,7:09,https://laws.gov.tt/ttdll-web/revision/list?offset=0&currentid=372
1112,Liquor Licences,84:10,https://laws.gov.tt/ttdll-web/revision/list?offset=0&currentid=1112
202,Litter,30:52,https://laws.gov.tt/ttdll-web/revision/list?offset=0&currentid=202
738,Livestock and Livestock Products Board,67:05,https://laws.gov.tt/ttdll-web/revision/list?offset=0&currentid=738
550,Local Authorities Grants and Loans,71:80,https://laws.gov.tt/ttdll-web/revision/list?offset=0&currentid=550
594,Local Savings Banks,79:03,https://laws.gov.tt/ttdll-web/revision/list?offset=0&currentid=594
406,Magistrates Protection,6:03,https://laws.gov.tt/ttdll-web/revision/list?offset=0&currentid=406
1030,Maintenance Orders (Facilities for Enforcement),45:53,https://laws.gov.tt/ttdll-web/revision/list?offset=0&currentid=1030
238,Malaria Abatement,28:50,https://laws.gov.tt/ttdll-web/revision/list?offset=0&currentid=238
460,Malicious Damage,11:06,https://laws.gov.tt/ttdll-web/revision/list?offset=0&currentid=460
1104,Management Development Centre,85:51,https://laws.gov.tt/ttdll-web/revision/list?offset=0&currentid=1104
976,Marine Areas (Preservation and Enhancement),37:02,https://laws.gov.tt/ttdll-web/revision/list?offset=0&currentid=976
842,Mariners Club,50:05,https://laws.gov.tt/ttdll-web/revision/list?offset=0&currentid=842
834,Marking of Ships,50:09,https://laws.gov.tt/ttdll-web/revision/list?offset=0&currentid=834
1044,Marriage,45:01,https://laws.gov.tt/ttdll-web/revision/list?offset=0&currentid=1044
1020,Married Persons,45:50,https://laws.gov.tt/ttdll-web/revision/list?offset=0&currentid=1020
824,Maternity Protection,45:57,https://laws.gov.tt/ttdll-web/revision/list?offset=0&currentid=824
1026,Matrimonial Proceedings and Property,45:51,https://laws.gov.tt/ttdll-web/revision/list?offset=0&currentid=1026
856,Maxi-Taxi,48:53,https://laws.gov.tt/ttdll-web/revision/list?offset=0&currentid=856
412,Mediation,5:32,https://laws.gov.tt/ttdll-web/revision/list?offset=0&currentid=412
226,Medical Board,29:50,https://laws.gov.tt/ttdll-web/revision/list?offset=0&currentid=226
218,Mental Health,28:02,https://laws.gov.tt/ttdll-web/revision/list?offset=0&currentid=218
636,Mercantile Law,82:02,https://laws.gov.tt/ttdll-web/revision/list?offset=0&currentid=636
91371,Metrology,82:06,https://laws.gov.tt/ttdll-web/revision/list?offset=0&currentid=91371
340,Military Training (Prohibition),15:04,https://laws.gov.tt/ttdll-web/revision/list?offset=0&currentid=340
904,Minerals,61:03,https://laws.gov.tt/ttdll-web/revision/list?offset=0&currentid=904
1074,Minimum Wages,88:04,https://laws.gov.tt/ttdll-web/revision/list?offset=0&currentid=1074
906,Mining Compensation,61:02,https://laws.gov.tt/ttdll-web/revision/list?offset=0&currentid=906
752,Minister of Finance (Incorporation),69:03,https://laws.gov.tt/ttdll-web/revision/list?offset=0&currentid=752
574,Miscellaneous Taxes,77:01,https://laws.gov.tt/ttdll-web/revision/list?offset=0&currentid=574
654,Misrepresentation,82:35,https://laws.gov.tt/ttdll-web/revision/list?offset=0&currentid=654
1116,Moneylenders,84:04,https://laws.gov.tt/ttdll-web/revision/list?offset=0&currentid=1116
744,Mongoose,67:55,https://laws.gov.tt/ttdll-web/revision/list?offset=0&currentid=744
154,Motion Picture Films (Carriage and Storage),20:11,https://laws.gov.tt/ttdll-web/revision/list?offset=0&currentid=154
836,Motor Launches,50:08,https://laws.gov.tt/ttdll-web/revision/list?offset=0&currentid=836
796,Motor Vehicles and Road Traffic,48:50,https://laws.gov.tt/ttdll-web/revision/list?offset=0&currentid=796
858,Motor Vehicles and Road Traffic (Enforcement and Administration),48:52,https://laws.gov.tt/ttdll-web/revision/list?offset=0&currentid=858
798,Motor Vehicles Insurance (Third Party Risks),48:51,https://laws.gov.tt/ttdll-web/revision/list?offset=0&currentid=798
130,Municipal Corporations,25:04,https://laws.gov.tt/ttdll-web/revision/list?offset=0&currentid=130
132,Municipal Corporations (Pensions),25:05,https://laws.gov.tt/ttdll-web/revision/list?offset=0&currentid=132
1050,Muslim Marriage and Divorce,45:02,https://laws.gov.tt/ttdll-web/revision/list?offset=0&currentid=1050
284,Mutual Assistance in Criminal Matters,11:24,https://laws.gov.tt/ttdll-web/revision/list?offset=0&currentid=284
1016,Naparima Bowl,40:51,https://laws.gov.tt/ttdll-web/revision/list?offset=0&currentid=1016
690,National Agricultural Marketing and Development Corporation,63:05,https://laws.gov.tt/ttdll-web/revision/list?offset=0&currentid=690
1036,National Carnival Commission of Trinidad and Tobago,42:01,https://laws.gov.tt/ttdll-web/revision/list?offset=0&currentid=1036
786,National Development (Inter-American Development Bank) Loans,71:07,https://laws.gov.tt/ttdll-web/revision/list?offset=0&currentid=786
784,National Development (International Bank for Reconstruction and Development) Loans,71:06,https://laws.gov.tt/ttdll-web/revision/list?offset=0&currentid=784
328,National Emblems of Trinidad and Tobago (Regulation),19:04,https://laws.gov.tt/ttdll-web/revision/list?offset=0&currentid=328
1010,"National Institute of Higher Education (Research, Science and Technology)",39:58,https://laws.gov.tt/ttdll-web/revision/list?offset=0&currentid=1010
204,National Insurance,32:01,https://laws.gov.tt/ttdll-web/revision/list?offset=0&currentid=204
1012,National Library and Information Systems,40:01,https://laws.gov.tt/ttdll-web/revision/list?offset=0&currentid=1012
148,National Lotteries,21:04,https://laws.gov.tt/ttdll-web/revision/list?offset=0&currentid=148
1018,National Museum and Art Gallery,40:52,https://laws.gov.tt/ttdll-web/revision/list?offset=0&currentid=1018
896,National Petroleum Company,62:04,https://laws.gov.tt/ttdll-web/revision/list?offset=0&currentid=896
988,National Trust of Trinidad and Tobago,40:53,https://laws.gov.tt/ttdll-web/revision/list?offset=0&currentid=988
610,Negotiable Instruments (Dishonoured Cheques),79:52,https://laws.gov.tt/ttdll-web/revision/list?offset=0&currentid=610
332,Newspapers,20:01,https://laws.gov.tt/ttdll-web/revision/list?offset=0&currentid=332
394,Notaries Public,6:51,https://laws.gov.tt/ttdll-web/revision/list?offset=0&currentid=394
1046,Notification of Births,44:03,https://laws.gov.tt/ttdll-web/revision/list?offset=0&currentid=1046
186,Nursing Personnel,29:53,https://laws.gov.tt/ttdll-web/revision/list?offset=0&currentid=186
386,Oaths,7:01,https://laws.gov.tt/ttdll-web/revision/list?offset=0&currentid=386
390,Oaths of Office,7:03,https://laws.gov.tt/ttdll-web/revision/list?offset=0&currentid=390
1066,Occupational Safety and Health,88:08,https://laws.gov.tt/ttdll-web/revision/list?offset=0&currentid=1066
456,Offences Against the Person,11:08,https://laws.gov.tt/ttdll-web/revision/list?offset=0&currentid=456
898,Oil Mining (High Water Mark),62:03,https://laws.gov.tt/ttdll-web/revision/list?offset=0&currentid=898
974,Oil Pollution of Territorial Waters,37:03,https://laws.gov.tt/ttdll-web/revision/list?offset=0&currentid=974
1118,Old Metal and Marine Stores,84:07,https://laws.gov.tt/ttdll-web/revision/list?offset=0&currentid=1118
526,Ombudsman,2:52,https://laws.gov.tt/ttdll-web/revision/list?offset=0&currentid=526
190,Opticians (Registration),29:51,https://laws.gov.tt/ttdll-web/revision/list?offset=0&currentid=190
310,Order of the Caribbean Community,17:06,https://laws.gov.tt/ttdll-web/revision/list?offset=0&currentid=310
1022,Orisa Marriage,45:04,https://laws.gov.tt/ttdll-web/revision/list?offset=0&currentid=1022
630,Partnership,81:02,https://laws.gov.tt/ttdll-web/revision/list?offset=0&currentid=630
1150,Patents,82:76,https://laws.gov.tt/ttdll-web/revision/list?offset=0&currentid=1150
1130,Patents and Designs,82:83,https://laws.gov.tt/ttdll-web/revision/list?offset=0&currentid=1130
1132,"Patents, Designs, Copyright and Trade Marks (Emergency)",82:84,https://laws.gov.tt/ttdll-web/revision/list?offset=0&currentid=1132
1114,Pawnbrokers,84:05,https://laws.gov.tt/ttdll-web/revision/list?offset=0&currentid=1114
126,Pensions,23:52,https://laws.gov.tt/ttdll-web/revision/list?offset=0&currentid=126
128,Pensions Extension,23:53,https://laws.gov.tt/ttdll-web/revision/list?offset=0&currentid=128
118,Pensions Rights (Special Provisions),23:56,https://laws.gov.tt/ttdll-web/revision/list?offset=0&currentid=118
444,Perjury,11:14,https://laws.gov.tt/ttdll-web/revision/list?offset=0&currentid=444
178,Pesticides and Toxic Chemicals,30:03,https://laws.gov.tt/ttdll-web/revision/list?offset=0&currentid=178
894,Petroleum,62:01,https://laws.gov.tt/ttdll-web/revision/list?offset=0&currentid=894
892,Petroleum Production Levy and Subsidy,62:02,https://laws.gov.tt/ttdll-web/revision/list?offset=0&currentid=892
556,Petroleum Taxes,75:04,https://laws.gov.tt/ttdll-web/revision/list?offset=0&currentid=556
668,Petrotrin Pensions,62:08,https://laws.gov.tt/ttdll-web/revision/list?offset=0&currentid=668
670,Petrotrin Vesting,62:07,https://laws.gov.tt/ttdll-web/revision/list?offset=0&currentid=670
510,Petty Civil Courts,4:21,https://laws.gov.tt/ttdll-web/revision/list?offset=0&currentid=510
192,Pharmacy Board,29:52,https://laws.gov.tt/ttdll-web/revision/list?offset=0&currentid=192
828,Pilotage,51:02,https://laws.gov.tt/ttdll-web/revision/list?offset=0&currentid=828
936,Pipelines,35:51,https://laws.gov.tt/ttdll-web/revision/list?offset=0&currentid=936
696,Plant (Export Prohibition),63:54,https://laws.gov.tt/ttdll-web/revision/list?offset=0&currentid=696
692,Plant Protection,63:56,https://laws.gov.tt/ttdll-web/revision/list?offset=0&currentid=692
338,Police Complaints Authority,15:05,https://laws.gov.tt/ttdll-web/revision/list?offset=0&currentid=338
272,Police Service,15:01,https://laws.gov.tt/ttdll-web/revision/list?offset=0&currentid=272
830,Port Authority,51:01,https://laws.gov.tt/ttdll-web/revision/list?offset=0&currentid=830
588,Post Office Savings Bank,79:04,https://laws.gov.tt/ttdll-web/revision/list?offset=0&currentid=588
734,Pounds,67:03,https://laws.gov.tt/ttdll-web/revision/list?offset=0&currentid=734
476,Praedial Larceny Prevention,10:03,https://laws.gov.tt/ttdll-web/revision/list?offset=0&currentid=476
514,President's Emoluments,2:50,https://laws.gov.tt/ttdll-web/revision/list?offset=0&currentid=514
450,Prevention of Corruption,11:11,https://laws.gov.tt/ttdll-web/revision/list?offset=0&currentid=450
454,Prevention of Crime (Offensive Weapons),11:09,https://laws.gov.tt/ttdll-web/revision/list?offset=0&currentid=454
480,Prevention of Crimes,10:01,https://laws.gov.tt/ttdll-web/revision/list?offset=0&currentid=480
528,Prime Minister's Pension,2:51,https://laws.gov.tt/ttdll-web/revision/list?offset=0&currentid=528
77867,"Princess Elizabeth Home for
Handicapped Children Association (Incorporation)",29:04,https://laws.gov.tt/ttdll-web/revision/list?offset=0&currentid=77867
246,Prisons,13:01,https://laws.gov.tt/ttdll-web/revision/list?offset=0&currentid=246
248,Prison Service,13:02,https://laws.gov.tt/ttdll-web/revision/list?offset=0&currentid=248
230,Private Hospitals,29:03,https://laws.gov.tt/ttdll-web/revision/list?offset=0&currentid=230
354,"Privileges and Immunities (Diplomatic, Consular and International Organisations)",17:01,https://laws.gov.tt/ttdll-web/revision/list?offset=0&currentid=354
260,Probation of Offenders,13:51,https://laws.gov.tt/ttdll-web/revision/list?offset=0&currentid=260
286,Proceeds of Crime,11:27,https://laws.gov.tt/ttdll-web/revision/list?offset=0&currentid=286
704,Production of Cane,64:01,https://laws.gov.tt/ttdll-web/revision/list?offset=0&currentid=704
1052,Professions Related to Medicine,90:04,https://laws.gov.tt/ttdll-web/revision/list?offset=0&currentid=1052
576,Property Tax,76:04 (This Act repealed and replaced the Land and Building Taxes Act No 14 of 1920) (see alert),https://laws.gov.tt/ttdll-web/revision/list?offset=0&currentid=576
656,Protection Against Unfair Competition,82:36,https://laws.gov.tt/ttdll-web/revision/list?offset=0&currentid=656
1148,Protection of New Plant Varieties,82:75,https://laws.gov.tt/ttdll-web/revision/list?offset=0&currentid=1148
972,Protection of Wrecks,37:04,https://laws.gov.tt/ttdll-web/revision/list?offset=0&currentid=972
140,Protective Services (Compensation),23:60,https://laws.gov.tt/ttdll-web/revision/list?offset=0&currentid=140
120,Provident Fund,23:57,https://laws.gov.tt/ttdll-web/revision/list?offset=0&currentid=120
570,Provisional Collection of Taxes,74:01,https://laws.gov.tt/ttdll-web/revision/list?offset=0&currentid=570
200,Public Assistance,32:03,https://laws.gov.tt/ttdll-web/revision/list?offset=0&currentid=200
1146,Publications (Legal Deposit),82:74,https://laws.gov.tt/ttdll-web/revision/list?offset=0&currentid=1146
216,Public Health (Nursery Schools and Primary Schools Immunisation),28:03,https://laws.gov.tt/ttdll-web/revision/list?offset=0&currentid=216
322,Public Holidays and Festivals,19:05,https://laws.gov.tt/ttdll-web/revision/list?offset=0&currentid=322
802,Public Transport Service,48:02,https://laws.gov.tt/ttdll-web/revision/list?offset=0&currentid=802
80413,Purchase of Certain Rights (HCU),71:44,https://laws.gov.tt/ttdll-web/revision/list?offset=0&currentid=80413
212,Quarantine,28:05,https://laws.gov.tt/ttdll-web/revision/list?offset=0&currentid=212
1014,Queen's Hall,40:50,https://laws.gov.tt/ttdll-web/revision/list?offset=0&currentid=1014
1038,Queen's Park,41:04,https://laws.gov.tt/ttdll-web/revision/list?offset=0&currentid=1038
150,Races,21:51,https://laws.gov.tt/ttdll-web/revision/list?offset=0&currentid=150
566,Rates and Charges Recovery,74:03,https://laws.gov.tt/ttdll-web/revision/list?offset=0&currentid=566
568,"Rates, Taxes and Licences (Payment by Cheque)",74:02,https://laws.gov.tt/ttdll-web/revision/list?offset=0&currentid=568
80345,Real Property,56:02,https://laws.gov.tt/ttdll-web/revision/list?offset=0&currentid=80345
80303,Real Property Limitation,56:03,https://laws.gov.tt/ttdll-web/revision/list?offset=0&currentid=80303
506,Recording of Court Proceedings,4:31,https://laws.gov.tt/ttdll-web/revision/list?offset=0&currentid=506
998,Recreation Grounds and Pastures,41:01,https://laws.gov.tt/ttdll-web/revision/list?offset=0&currentid=998
1062,Recruiting of Workers,88:10,https://laws.gov.tt/ttdll-web/revision/list?offset=0&currentid=1062
228,Regional Health Authorities,29:05,https://laws.gov.tt/ttdll-web/revision/list?offset=0&currentid=228
1040,"Registers of Births, Deaths and Marriages",44:02,https://laws.gov.tt/ttdll-web/revision/list?offset=0&currentid=1040
326,Registrar General,19:03,https://laws.gov.tt/ttdll-web/revision/list?offset=0&currentid=326
1134,Registration of Business Names,82:85,https://laws.gov.tt/ttdll-web/revision/list?offset=0&currentid=1134
160,Registration of Clubs,21:01,https://laws.gov.tt/ttdll-web/revision/list?offset=0&currentid=160
324,Registration of Deeds,19:06,https://laws.gov.tt/ttdll-web/revision/list?offset=0&currentid=324
336,Registration of Local Agents of Foreign Governments or Foreign Enterprises,19:08,https://laws.gov.tt/ttdll-web/revision/list?offset=0&currentid=336
870,Regulated Industries Commission,54:73,https://laws.gov.tt/ttdll-web/revision/list?offset=0&currentid=870
492,Remedies of Creditors,8:09,https://laws.gov.tt/ttdll-web/revision/list?offset=0&currentid=492
258,Remission of Penalties,13:50,https://laws.gov.tt/ttdll-web/revision/list?offset=0&currentid=258
912,Rent Restriction (Dwelling Houses),59:55,https://laws.gov.tt/ttdll-web/revision/list?offset=0&currentid=912
910,Rent Restriction (Serviced Premises),59:52,https://laws.gov.tt/ttdll-web/revision/list?offset=0&currentid=910
920,Rent Restriction (Short Tenancies),59:51,https://laws.gov.tt/ttdll-web/revision/list?offset=0&currentid=920
520,Representation of the People,2:01,https://laws.gov.tt/ttdll-web/revision/list?offset=0&currentid=520
452,Restriction of Offensive Weapons,11:10,https://laws.gov.tt/ttdll-web/revision/list?offset=0&currentid=452
864,Resumption of Land,57:03,https://laws.gov.tt/ttdll-web/revision/list?offset=0&currentid=864
364,Retiring Allowances (Diplomatic Service),17:04,https://laws.gov.tt/ttdll-web/revision/list?offset=0&currentid=364
516,Retiring Allowances (Legislative Service),2:03,https://laws.gov.tt/ttdll-web/revision/list?offset=0&currentid=516
1058,Retrenchment and Severance Benefits,88:13,https://laws.gov.tt/ttdll-web/revision/list?offset=0&currentid=1058
462,Riot,11:05,https://laws.gov.tt/ttdll-web/revision/list?offset=0&currentid=462
1106,Rural Pedlars,84:09,https://laws.gov.tt/ttdll-web/revision/list?offset=0&currentid=1106
660,Sale of Goods,82:30,https://laws.gov.tt/ttdll-web/revision/list?offset=0&currentid=660
684,Sale of Produce,63:52,https://laws.gov.tt/ttdll-web/revision/list?offset=0&currentid=684
1108,"San Fernando and Arima Hucksters, Pedlars and Porters",84:08,https://laws.gov.tt/ttdll-web/revision/list?offset=0&currentid=1108
1000,San Fernando Recreation Ground,41:02,https://laws.gov.tt/ttdll-web/revision/list?offset=0&currentid=1000
730,Sawmills,66:02,https://laws.gov.tt/ttdll-web/revision/list?offset=0&currentid=730
214,Schools (Medical Inspection),28:04,https://laws.gov.tt/ttdll-web/revision/list?offset=0&currentid=214
1136,Securities,83:02,https://laws.gov.tt/ttdll-web/revision/list?offset=0&currentid=1136
270,Security Assistance (Caricom),14:05,https://laws.gov.tt/ttdll-web/revision/list?offset=0&currentid=270
464,Sedition,11:04,https://laws.gov.tt/ttdll-web/revision/list?offset=0&currentid=464
198,Senior Citizens' Pension,32:02,https://laws.gov.tt/ttdll-web/revision/list?offset=0&currentid=198
426,Sentencing Commission,4:32,https://laws.gov.tt/ttdll-web/revision/list?offset=0&currentid=426
292,Sexual Offences,11:28,https://laws.gov.tt/ttdll-web/revision/list?offset=0&currentid=292
832,Shipping,50:10,https://laws.gov.tt/ttdll-web/revision/list?offset=0&currentid=832
1126,Shop (Hours of Opening and Employment),84:02,https://laws.gov.tt/ttdll-web/revision/list?offset=0&currentid=1126
944,Slum Clearance and Housing,33:02,https://laws.gov.tt/ttdll-web/revision/list?offset=0&currentid=944
342,Special Reserve Police,15:03,https://laws.gov.tt/ttdll-web/revision/list?offset=0&currentid=342
1086,Spirits and Spirit Compounds,87:54,https://laws.gov.tt/ttdll-web/revision/list?offset=0&currentid=1086
990,Sport and Culture Fund,40:54,https://laws.gov.tt/ttdll-web/revision/list?offset=0&currentid=990
580,Stamp Duty,76:01,https://laws.gov.tt/ttdll-web/revision/list?offset=0&currentid=580
582,Stamp Duty (Special Provisions),76:03,https://laws.gov.tt/ttdll-web/revision/list?offset=0&currentid=582
638,Standards,82:03,https://laws.gov.tt/ttdll-web/revision/list?offset=0&currentid=638
862,State Grants and Leases (Re-Issue),57:02,https://laws.gov.tt/ttdll-web/revision/list?offset=0&currentid=862
866,State Land (Regularisation of Tenure),57:05,https://laws.gov.tt/ttdll-web/revision/list?offset=0&currentid=866
860,State Lands,57:01,https://laws.gov.tt/ttdll-web/revision/list?offset=0&currentid=860
376,State Liability and Proceedings,8:02,https://laws.gov.tt/ttdll-web/revision/list?offset=0&currentid=376
316,Statistics,19:02,https://laws.gov.tt/ttdll-web/revision/list?offset=0&currentid=316
818,Status of Children,46:07,https://laws.gov.tt/ttdll-web/revision/list?offset=0&currentid=818
522,Statutes,3:02,https://laws.gov.tt/ttdll-web/revision/list?offset=0&currentid=522
142,Statutory Authorities,24:01,https://laws.gov.tt/ttdll-web/revision/list?offset=0&currentid=142
380,Statutory Declarations,7:04,https://laws.gov.tt/ttdll-web/revision/list?offset=0&currentid=380
352,Strategic Services Agency,15:06,https://laws.gov.tt/ttdll-web/revision/list?offset=0&currentid=352
146,Street Collections (Control),21:05,https://laws.gov.tt/ttdll-web/revision/list?offset=0&currentid=146
962,Students' Revolving Loan Fund,39:05,https://laws.gov.tt/ttdll-web/revision/list?offset=0&currentid=962
488,Succession,9:02,https://laws.gov.tt/ttdll-web/revision/list?offset=0&currentid=488
702,Sugar Industry Labour Welfare Committee (Incorporation),64:05,https://laws.gov.tt/ttdll-web/revision/list?offset=0&currentid=702
700,Sugar Industry Special Funds,64:04,https://laws.gov.tt/ttdll-web/revision/list?offset=0&currentid=700
706,Sugar Quotas,64:02,https://laws.gov.tt/ttdll-web/revision/list?offset=0&currentid=706
512,Summary Courts,4:20,https://laws.gov.tt/ttdll-web/revision/list?offset=0&currentid=512
466,Summary Offences,11:02,https://laws.gov.tt/ttdll-web/revision/list?offset=0&currentid=466
344,Supplemental Police,15:02,https://laws.gov.tt/ttdll-web/revision/list?offset=0&currentid=344
500,Supreme Court of Judicature,4:01,https://laws.gov.tt/ttdll-web/revision/list?offset=0&currentid=500
298,Taking of Hostages,12:05,https://laws.gov.tt/ttdll-web/revision/list?offset=0&currentid=298
428,Tax Appeal Board,4:50,https://laws.gov.tt/ttdll-web/revision/list?offset=0&currentid=428
578,Taxes Exemption,76:50 (Repealed by Act No. 18 of 2009 see alert),https://laws.gov.tt/ttdll-web/revision/list?offset=0&currentid=578
572,Tax Information Exchange Agreements,76:51,https://laws.gov.tt/ttdll-web/revision/list?offset=0&currentid=572
984,Teachers' Pensions,39:02,https://laws.gov.tt/ttdll-web/revision/list?offset=0&currentid=984
980,Teaching Service (Compensation),39:04,https://laws.gov.tt/ttdll-web/revision/list?offset=0&currentid=980
806,Telecommunications,47:31,https://laws.gov.tt/ttdll-web/revision/list?offset=0&currentid=806
532,Territorial Sea,1:51,https://laws.gov.tt/ttdll-web/revision/list?offset=0&currentid=532
672,Textrin Vesting,62:06,https://laws.gov.tt/ttdll-web/revision/list?offset=0&currentid=672
158,Theatres and Dance Halls,21:03,https://laws.gov.tt/ttdll-web/revision/list?offset=0&currentid=158
80299,Three Chains,57.04,https://laws.gov.tt/ttdll-web/revision/list?offset=0&currentid=80299
180,Tobacco Control,30:04,https://laws.gov.tt/ttdll-web/revision/list?offset=0&currentid=180
334,Tobago Deeds,19:07,https://laws.gov.tt/ttdll-web/revision/list?offset=0&currentid=334
144,Tobago House of Assembly,25:03,https://laws.gov.tt/ttdll-web/revision/list?offset=0&currentid=144
1092,Tourism and Industrial Development Company of Trinidad and Tobago Limited Vesting,87:21,https://laws.gov.tt/ttdll-web/revision/list?offset=0&currentid=1092
1090,Tourism Development,87:22,https://laws.gov.tt/ttdll-web/revision/list?offset=0&currentid=1090
954,Town and Country Planning,35:01,https://laws.gov.tt/ttdll-web/revision/list?offset=0&currentid=954
928,Town and Country Planning (Miscellaneous Licences),35:04,https://laws.gov.tt/ttdll-web/revision/list?offset=0&currentid=928
222,Towns and Villages (Definition),26:02,https://laws.gov.tt/ttdll-web/revision/list?offset=0&currentid=222
640,Trade Descriptions,82:04,https://laws.gov.tt/ttdll-web/revision/list?offset=0&currentid=640
1080,Trade Disputes and Protection of Property,88:03,https://laws.gov.tt/ttdll-web/revision/list?offset=0&currentid=1080
1144,Trade Marks,82:81,https://laws.gov.tt/ttdll-web/revision/list?offset=0&currentid=1144
1078,Trade Unions,88:02,https://laws.gov.tt/ttdll-web/revision/list?offset=0&currentid=1078
266,Trading with the Enemy,14:03,https://laws.gov.tt/ttdll-web/revision/list?offset=0&currentid=266
80397,Trafficking in Persons,12:10,https://laws.gov.tt/ttdll-web/revision/list?offset=0&currentid=80397
304,Transfer of Prisoners,12:06,https://laws.gov.tt/ttdll-web/revision/list?offset=0&currentid=304
166,Transferred Officers Continuity of Service,23:02,https://laws.gov.tt/ttdll-web/revision/list?offset=0&currentid=166
124,Travelling Allowances,23:50,https://laws.gov.tt/ttdll-web/revision/list?offset=0&currentid=124
468,Treason,11:03,https://laws.gov.tt/ttdll-web/revision/list?offset=0&currentid=468
790,Treasury Bills,71:40,https://laws.gov.tt/ttdll-web/revision/list?offset=0&currentid=790
554,Treasury Bonds,71:43,https://laws.gov.tt/ttdll-web/revision/list?offset=0&currentid=554
788,Treasury Notes,71:39,https://laws.gov.tt/ttdll-web/revision/list?offset=0&currentid=788
458,Trespass,11:07,https://laws.gov.tt/ttdll-web/revision/list?offset=0&currentid=458
880,Trinidad and Tobago Electricity Commission,54:70,https://laws.gov.tt/ttdll-web/revision/list?offset=0&currentid=880
620,Trinidad and Tobago Free Zones,81:07,https://laws.gov.tt/ttdll-web/revision/list?offset=0&currentid=620
946,Trinidad and Tobago Housing Development Corporation,33:03,https://laws.gov.tt/ttdll-web/revision/list?offset=0&currentid=946
952,Trinidad and Tobago Housing Development Corporation (Vesting),33:06,https://laws.gov.tt/ttdll-web/revision/list?offset=0&currentid=952
992,Trinidad and Tobago National Steel Orchestra,40:55,https://laws.gov.tt/ttdll-web/revision/list?offset=0&currentid=992
674,Trinidad and Tobago Oil Company Limited Vesting,62:05,https://laws.gov.tt/ttdll-web/revision/list?offset=0&currentid=674
109210,Trinidad and Tobago Panama Partial Scope Trade Agreement,81:14,https://laws.gov.tt/ttdll-web/revision/list?offset=0&currentid=109210
810,Trinidad and Tobago Post,47:01,https://laws.gov.tt/ttdll-web/revision/list?offset=0&currentid=810
804,Trinidad and Tobago Postal Corporation,47:02,https://laws.gov.tt/ttdll-web/revision/list?offset=0&currentid=804
152,Trinidad and Tobago Racing Authority,21:50,https://laws.gov.tt/ttdll-web/revision/list?offset=0&currentid=152
902,Trinidad and Tobago Survey,60:01,https://laws.gov.tt/ttdll-web/revision/list?offset=0&currentid=902
1072,Truck,88:07,https://laws.gov.tt/ttdll-web/revision/list?offset=0&currentid=1072
236,Tuberculosis Control,28:51,https://laws.gov.tt/ttdll-web/revision/list?offset=0&currentid=236
558,Unemployment Levy,75:03,https://laws.gov.tt/ttdll-web/revision/list?offset=0&currentid=558
658,Unfair Contract Terms,82:37,https://laws.gov.tt/ttdll-web/revision/list?offset=0&currentid=658
1122,Unit Trust Corporation of Trinidad and Tobago,83:03,https://laws.gov.tt/ttdll-web/revision/list?offset=0&currentid=1122
956,University Students (Guarantee Fund),39:08,https://laws.gov.tt/ttdll-web/revision/list?offset=0&currentid=956
916,Valuation of Land,58:03,https://laws.gov.tt/ttdll-web/revision/list?offset=0&currentid=916
586,Value Added Tax,75:06,https://laws.gov.tt/ttdll-web/revision/list?offset=0&currentid=586
234,Venereal Disease,28:52,https://laws.gov.tt/ttdll-web/revision/list?offset=0&currentid=234
626,Venture Capital,81:08,https://laws.gov.tt/ttdll-web/revision/list?offset=0&currentid=626
732,Veterinary Surgeons (Registration),67:04,https://laws.gov.tt/ttdll-web/revision/list?offset=0&currentid=732
268,Visiting Forces,14:04,https://laws.gov.tt/ttdll-web/revision/list?offset=0&currentid=268
350,Visiting Police Forces,15:07,https://laws.gov.tt/ttdll-web/revision/list?offset=0&currentid=350
122,Voluntary Termination of Employment,23:03,https://laws.gov.tt/ttdll-web/revision/list?offset=0&currentid=122
876,Water and Sewerage,54:40,https://laws.gov.tt/ttdll-web/revision/list?offset=0&currentid=876
878,Waterworks and Water Conservation,54:41,https://laws.gov.tt/ttdll-web/revision/list?offset=0&currentid=878
844,West Indies Shipping Corporation,50:04,https://laws.gov.tt/ttdll-web/revision/list?offset=0&currentid=844
114,Widows' and Orphans' Pensions,23:54,https://laws.gov.tt/ttdll-web/revision/list?offset=0&currentid=114
116,Widows' and Orphans' Pensions Extension,23:55,https://laws.gov.tt/ttdll-web/revision/list?offset=0&currentid=116
80253,Wills and Probate,9:03,https://laws.gov.tt/ttdll-web/revision/list?offset=0&currentid=80253
614,Workers' Bank,79:06,https://laws.gov.tt/ttdll-web/revision/list?offset=0&currentid=614
1076,Workmen's Compensation,88:05,https://laws.gov.tt/ttdll-web/revision/list?offset=0&currentid=1076
1070,Workmen's Compensation (Transfer of Funds),88:06,https://laws.gov.tt/ttdll-web/revision/list?offset=0&currentid=1070
252,Young Offenders Detention,13:05,https://laws.gov.tt/ttdll-web/revision/list?offset=0&currentid=252
