law_id,law_heading,reference,title,document_type,download_id,download_url
338,Police Complaints Authority Chap. 15:05,No. 11 of 2021,,amendment,111986,https://laws.gov.tt/ttdll-web/revision/download/111986?type=amendment
338,Police Complaints Authority Chap. 15:05,No. 12 of 2011,,amendment,11347,https://laws.gov.tt/ttdll-web/revision/download/11347?type=amendment
338,Police Complaints Authority Chap. 15:05,LN. 267/2000,,amendment,90304,https://laws.gov.tt/ttdll-web/revision/download/90304?type=amendment
338,Police Complaints Authority Chap. 15:05,LN. 153/1995,,amendment,99154,https://laws.gov.tt/ttdll-web/revision/download/99154?type=amendment
272,Police Service Chap. 15:01,No. 4 of 2026,,amendment,123766,https://laws.gov.tt/ttdll-web/revision/download/123766?type=amendment
272,Police Service Chap. 15:01,No. 7 of 2025,,amendment,122532,https://laws.gov.tt/ttdll-web/revision/download/122532?type=amendment
272,Police Service Chap. 15:01,No. 10 of 2024,,amendment,119386,https://laws.gov.tt/ttdll-web/revision/download/119386?type=amendment
272,Police Service Chap. 15:01,No. 23 of 2022,,amendment,116137,https://laws.gov.tt/ttdll-web/revision/download/116137?type=amendment
272,Police Service Chap. 15:01,No. 25 of 2019,,amendment,110590,https://laws.gov.tt/ttdll-web/revision/download/110590?type=amendment
272,Police Service Chap. 15:01,No. 11 of 2014,,amendment,77896,https://laws.gov.tt/ttdll-web/revision/download/77896?type=amendment
272,Police Service Chap. 15:01,No. 2 of 2012,,amendment,13379,https://laws.gov.tt/ttdll-web/revision/download/13379?type=amendment
272,Police Service Chap. 15:01,No. 13 of 2007,,amendment,26707,https://laws.gov.tt/ttdll-web/revision/download/26707?type=amendment
272,Police Service Chap. 15:01,No. 19 of 1910,,amendment,67531,https://laws.gov.tt/ttdll-web/revision/download/67531?type=amendment
272,Police Service Chap. 15:01,LN. 89/2024,,amendment,119214,https://laws.gov.tt/ttdll-web/revision/download/119214?type=amendment
272,Police Service Chap. 15:01,LN. 149/2023,,amendment,116958,https://laws.gov.tt/ttdll-web/revision/download/116958?type=amendment
272,Police Service Chap. 15:01,LN. 6/2022,,amendment,112500,https://laws.gov.tt/ttdll-web/revision/download/112500?type=amendment
272,Police Service Chap. 15:01,LN. 389/2019,,amendment,108742,https://laws.gov.tt/ttdll-web/revision/download/108742?type=amendment
272,Police Service Chap. 15:01,LN. 103/2019,,amendment,108097,https://laws.gov.tt/ttdll-web/revision/download/108097?type=amendment
272,Police Service Chap. 15:01,LN. 54/2015,,amendment,85342,https://laws.gov.tt/ttdll-web/revision/download/85342?type=amendment
272,Police Service Chap. 15:01,LN. 23/2012,,amendment,72826,https://laws.gov.tt/ttdll-web/revision/download/72826?type=amendment
272,Police Service Chap. 15:01,LN. 175/2008,,amendment,26751,https://laws.gov.tt/ttdll-web/revision/download/26751?type=amendment
272,Police Service Chap. 15:01,LN. 251/2007,,amendment,26731,https://laws.gov.tt/ttdll-web/revision/download/26731?type=amendment
272,Police Service Chap. 15:01,LN. 166/2007,,amendment,26735,https://laws.gov.tt/ttdll-web/revision/download/26735?type=amendment
272,Police Service Chap. 15:01,LN. 165/2007,,amendment,48837,https://laws.gov.tt/ttdll-web/revision/download/48837?type=amendment
272,Police Service Chap. 15:01,LN. 146/2007,,amendment,26747,https://laws.gov.tt/ttdll-web/revision/download/26747?type=amendment
272,Police Service Chap. 15:01,LN. 145/2007,,amendment,26723,https://laws.gov.tt/ttdll-web/revision/download/26723?type=amendment
272,Police Service Chap. 15:01,LN. 111/2007,,amendment,88426,https://laws.gov.tt/ttdll-web/revision/download/88426?type=amendment
272,Police Service Chap. 15:01,LN. 329/2006,,amendment,26715,https://laws.gov.tt/ttdll-web/revision/download/26715?type=amendment
272,Police Service Chap. 15:01,LN. 55/2006,,amendment,88487,https://laws.gov.tt/ttdll-web/revision/download/88487?type=amendment
272,Police Service Chap. 15:01,LN. 109/2005,,amendment,88768,https://laws.gov.tt/ttdll-web/revision/download/88768?type=amendment
272,Police Service Chap. 15:01,LN. 5/2005,,amendment,7631,https://laws.gov.tt/ttdll-web/revision/download/7631?type=amendment
272,Police Service Chap. 15:01,LN. 279/2004,,amendment,89059,https://laws.gov.tt/ttdll-web/revision/download/89059?type=amendment
272,Police Service Chap. 15:01,LN. 231/2004,,amendment,89131,https://laws.gov.tt/ttdll-web/revision/download/89131?type=amendment
272,Police Service Chap. 15:01,LN. 123/2004,,amendment,88983,https://laws.gov.tt/ttdll-web/revision/download/88983?type=amendment
272,Police Service Chap. 15:01,LN. 212/2001,,amendment,91515,https://laws.gov.tt/ttdll-web/revision/download/91515?type=amendment
272,Police Service Chap. 15:01,LN. 278/2000,,amendment,90322,https://laws.gov.tt/ttdll-web/revision/download/90322?type=amendment
272,Police Service Chap. 15:01,LN. 109/1996,,amendment,93526,https://laws.gov.tt/ttdll-web/revision/download/93526?type=amendment
272,Police Service Chap. 15:01,LN. 13/1988,,amendment,13942,https://laws.gov.tt/ttdll-web/revision/download/13942?type=amendment
272,Police Service Chap. 15:01,LN. 12/1987,,amendment,24312,https://laws.gov.tt/ttdll-web/revision/download/24312?type=amendment
272,Police Service Chap. 15:01,LN. 85/1982,,amendment,120162,https://laws.gov.tt/ttdll-web/revision/download/120162?type=amendment
272,Police Service Chap. 15:01,LN. 25/1982,,amendment,119998,https://laws.gov.tt/ttdll-web/revision/download/119998?type=amendment
342,Special Reserve Police Chap. 15:03,No. 11 of 2021,,amendment,111986,https://laws.gov.tt/ttdll-web/revision/download/111986?type=amendment
342,Special Reserve Police Chap. 15:03,No. 25 of 2019,,amendment,110590,https://laws.gov.tt/ttdll-web/revision/download/110590?type=amendment
342,Special Reserve Police Chap. 15:03,No. 2 of 2013,,amendment,70316,https://laws.gov.tt/ttdll-web/revision/download/70316?type=amendment
342,Special Reserve Police Chap. 15:03,No. 5 of 1995,,amendment,7754,https://laws.gov.tt/ttdll-web/revision/download/7754?type=amendment
342,Special Reserve Police Chap. 15:03,No. 45 of 1979,,amendment,34698,https://laws.gov.tt/ttdll-web/revision/download/34698?type=amendment
342,Special Reserve Police Chap. 15:03,No. 38 of 1967,,amendment,31070,https://laws.gov.tt/ttdll-web/revision/download/31070?type=amendment
342,Special Reserve Police Chap. 15:03,No. 20 of 1953,,amendment,31068,https://laws.gov.tt/ttdll-web/revision/download/31068?type=amendment
342,Special Reserve Police Chap. 15:03,LN. 26/2013,,amendment,57952,https://laws.gov.tt/ttdll-web/revision/download/57952?type=amendment
342,Special Reserve Police Chap. 15:03,GN. 27/1970,,amendment,31076,https://laws.gov.tt/ttdll-web/revision/download/31076?type=amendment
344,Supplemental Police Chap. 15:02,No. 6 of 1993,,amendment,45328,https://laws.gov.tt/ttdll-web/revision/download/45328?type=amendment
344,Supplemental Police Chap. 15:02,No. 45 of 1979,,amendment,34698,https://laws.gov.tt/ttdll-web/revision/download/34698?type=amendment
344,Supplemental Police Chap. 15:02,No. 29 of 1967,,amendment,34996,https://laws.gov.tt/ttdll-web/revision/download/34996?type=amendment
344,Supplemental Police Chap. 15:02,No. 16 of 1962,,amendment,16567,https://laws.gov.tt/ttdll-web/revision/download/16567?type=amendment
344,Supplemental Police Chap. 15:02,No. 8 of 1955,,amendment,34988,https://laws.gov.tt/ttdll-web/revision/download/34988?type=amendment
344,Supplemental Police Chap. 15:02,No. 15 of 1950,,amendment,34984,https://laws.gov.tt/ttdll-web/revision/download/34984?type=amendment
344,Supplemental Police Chap. 15:02,No. 29 of 1925,,amendment,35473,https://laws.gov.tt/ttdll-web/revision/download/35473?type=amendment
344,Supplemental Police Chap. 15:02,LN. 57/1984,,amendment,35434,https://laws.gov.tt/ttdll-web/revision/download/35434?type=amendment
344,Supplemental Police Chap. 15:02,LN. 101/1982,,amendment,120196,https://laws.gov.tt/ttdll-web/revision/download/120196?type=amendment
344,Supplemental Police Chap. 15:02,GN. 74/1951,,amendment,35426,https://laws.gov.tt/ttdll-web/revision/download/35426?type=amendment
